,Country,Number of athletes,Gold medals,Silver medals,Bronze medals,Total medals,GDP,GDP per capita,Population,Life expectancy,Democracy,Gender equality,Female athletes %,country_code,female_population,male_population,total_population,rural_population,urban_population,transport_work_walking,transport_work_bicycle,sports_facilities_very_satisfied_2019,sports_facilities_very_satisfied_2023,sports_facilities_rather_satisfied_2019,sports_facilities_rather_satisfied_2023,sports_facilities_rather_unsatisfied_2019,sports_facilities_rather_unsatisfied_2023,sports_facilities_rather_notatall_satisfied_2019,sports_facilities_rather_notatall_satisfied_2023,gdp_per_capita_x,gdp_per_capita_y,nutritional_needs,heavy_women_famine,heavy_men_famine,heavy_famine,women_famine,men_famine,famine,under_feeding,energetical_feed,domestic_currency,percent_of_gdp,GF0801,percentage_of_total_employment
0,Kosovo,9,0,1,1,2,,,,,,,0.7777777778,XKX,50.1576327914588,49.8423072379149,1760466,..,..,,,,,,,,,,,,15029.3491,,,,,,,,,,,,,
1,Bhutan,3,0,0,0,0,2898227713.22315,3704.01839495326,782455.0,72.229,5.54,0.334,0.3333333333,BTN,47.1903703011931,52.8096296988069,792382,55,45,,,,,,,,,,,,,,,,,,,,,,,,,
2,Brunei,3,0,0,0,0,16681536466.7183,37152.4769749763,449002.0,74.551,,0.279,0.3333333333,BRN,48.3435631271141,51.656656239443,455858,20.561,79.439,,,,,,,,,,,,86445.66053,,,,,,,,,,,,,
3,Laos,4,0,0,0,0,15468785203.7532,2054.43078086496,7529475.0,68.999,1.77,0.467,0.75,LAO,49.6186801549657,50.3813198450343,7736681,61.094,38.906,,,,,,,,,,,,9326.272194,,,,,,,,,,,,,
4,Oman,4,0,0,0,0,114667360208.062,25056.7948608378,4576298.0,73.935,3.12,0.267,0.25,OMN,39.4640730675989,60.5359269324011,4713553,11.002,88.998,,,,,,,,,,,,44421.19796,,,,,,,,5.7,126.0,,,,
5,Yemen,4,0,0,0,0,,698.850349965249,33696614.0,63.72,1.95,0.82,0.25,YEM,49.5220295212476,50.4779704787524,35219853,59.523,40.477,,,,,,,,,,,,,,,,,76.1,68.9,72.5,39.5,95.0,,,,
6,Syria,6,0,0,0,0,,,22125249.0,72.3,1.43,0.487,0.1666666667,SYR,49.9695355517749,50.0304603411205,24348053,41.956,58.044,,,,,,,,,,,,,,,,,,,,,,,,,
7,Turkmenistan,6,0,0,0,0,56542857142.8571,8792.5485039672,6430770.0,69.41,1.66,,0.5,TKM,50.4630974719732,49.5368873720819,6598071,45.476,54.524,,,,,,,,,,,,,,,,,,,,4.1,123.0,,,,
8,Palestine,8,0,0,0,0,19165500000.0,3799.95527015163,5043612.0,73.444,3.47,,0.25,PSE,50.0709467925444,49.9290714059403,5284560,22.123,77.877,,,,,,,,,,,,5888.394311,,,,,,,,,,,,,
9,Saudi Arabia,9,0,0,0,0,1108571466666.67,30447.8823171601,36408820.0,77.905,2.08,0.229,0.2222222222,SAU,42.6093805109147,57.3906194890853,37473929,14.829,85.171,,,,,,,,,,,1067592.013,54991.72318,,,,,,,,,,,,,
10,Jordan,12,0,1,0,1,48653381830.9859,4311.0000506816,11285869.0,74.215,3.04,0.449,0.25,JOR,48.2686135223412,51.7313864776588,11384922,7.794,92.206,,,,,,,,,,,50970.07989,10451.91259,,,,,,,,17.9,108.0,,,,
11,Bahrain,13,2,1,1,4,44383297872.3404,30146.925026365,1472233.0,79.246,2.52,0.181,0.5384615385,BHR,38.2794693043093,61.7205306956907,1498712,10.001,89.999,,,,,,,,,,,45833.98503,63847.82973,,,,,,,,,,,,,
12,United Arab Emirates,13,0,0,0,0,507063968277.74,53707.9800813801,9441129.0,79.196,3.01,0.035,0.3076923077,ARE,30.9919678710673,69.008042554447,9591853,11.992,88.008,,,,,,,,,,,,83902.67113,,,,,,,,,,,,,
13,Qatar,14,0,0,1,1,235770403734.9,87480.4197119462,2695122.0,81.559,3.65,0.212,0.1428571429,QAT,27.866971178209,72.133028821791,2737061,0.613,99.387,,,,,,,,,,,,,,,,,,,,,,,,,
14,North Korea,16,0,2,4,6,,,26069416.0,73.578,1.08,,0.75,PRK,50.4225367353917,49.577459454298,26244582,36.497,63.503,,,,,,,,,,,,,,,,,,,,,,,,,
15,Vietnam,16,0,0,0,0,410324028883.325,4179.01179036963,98186856.0,74.58,2.62,0.378,0.75,VNM,50.5710856775756,49.4289143224244,99497680,59.805,40.195,,,,,,,,,,,,15194.34278,,,,,,,,,,,,,
16,Iraq,22,0,0,0,0,286640340965.517,6441.91736451813,44496122.0,71.336,2.88,0.562,0.0,IRQ,49.8581119708625,50.1418880291375,46523657,28.147,71.853,,,,,,,,,,,,13968.57417,,,,,,,,16.1,117.0,,,,
17,Hong Kong,36,2,0,2,4,358696261481.16,48828.1212454445,7346100.0,83.6609756097561,5.24,,0.5,HKG,54.0560416002762,45.9439717389602,7538601,0,100,,,,,,,,,,,380791.9539,71481.56813,,,,,,,,,,,,,
18,Iran,41,3,6,3,12,413394567603.552,4668.45744305826,88550570.0,74.556,1.96,0.484,0.2682926829,IRN,49.5609025034812,50.4390974965188,89809781,22.302,77.698,,,,,,,,,,,,17921.66427,,,,,,,,,,,,,
19,Chinese Taipei,60,2,0,5,7,,,,,8.92,,0.5666666667,TWN,,,,,,,,,,,,,,,,755619.4917,,,,,,,,,,,,,,
20,Uzbekistan,86,8,2,3,13,81140823252.4164,2276.16123306477,35648100.0,71.674,2.12,0.242,0.3720930233,UZB,49.9463612010651,50.0536359957576,36936168,49.374,50.626,,,,,,,,,,,90479.60957,9724.734008,,,,,,,,0.0,140.0,,,,
21,Turkey,101,0,3,5,8,907118435952.688,10674.5041731531,84979913.0,78.475,4.33,0.259,0.5346534653,TUR,49.9139077892471,50.0860910514727,85756376,22.107,77.893,19.5,1.25,21.95,18.975,26.9,33.3,16.2,17.025,21.425,17.05,1102449.652,44151.02489,,,,,,,,0.0,133.0,,,,0.37
22,India,117,0,1,5,6,3353470496885.95,2366.30960899931,1417173173.0,67.744,7.18,0.437,0.3846153846,IND,48.4371003167681,51.5628996832319,1441719852,63.133,36.867,,,,,,,,,,,3490622.635,10175.76797,,,,,,,,13.7,111.0,,,,
23,China,388,40,27,24,91,17881783387000.9,12662.5831692254,1412175000.0,78.587,2.12,0.186,0.662371134,CHN,49.0201336719031,50.9798663982636,1410132224,34.456,65.544,,,,,,,,,,,17809134.96,24557.63895,,,,,,,,0.0,139.0,,,,
24,South Korea,141,13,9,10,32,1673916511799.71,32394.6833725203,51672569.0,82.6804878048781,8.09,0.062,0.5390070922,KOR,50.1247005259541,49.8752975413785,51630832,18.502,81.498,,,,,,,,,,,1838380.914,54033.15998,,,,,,,,,,,,,
25,Equatorial Guinea,3,0,0,0,0,13486788878.9757,8052.25652929933,1674908.0,61.19,1.92,,0.3333333333,GNQ,47.3344338125565,52.6656231677277,1754993,25.126,74.874,,,,,,,,,,,,18723.64708,,,,,,,,,,,,,
26,Eswatini,3,0,0,0,0,4790922788.70864,3986.88723918267,1201670.0,56.36,2.78,0.491,0.3333333333,SWZ,50.4823353722153,49.5176646277847,1222075,74.987,25.013,,,,,,,,,,,,11740.81528,,,,,,,,,,,,,
27,São Tomé and Príncipe,3,0,0,0,0,542686976.457587,2386.6961758184,227380.0,68.794,,,0.6666666667,STP,50.1584306691316,49.8419923767139,236381,22.986,77.014,,,,,,,,,,,,6063.645097,,,,,,,,,,,,,
28,Central African Republic,4,0,0,0,0,2382618615.01694,427.058096191269,5579144.0,54.477,1.35,,0.5,CAF,50.0363866754953,49.9636133245047,5915627,55.87,44.13,,,,,,,,,,,,1129.980454,,,,,,,,,,,,,
29,Republic of the Congo,4,0,0,0,0,15817030156.9459,2649.23063369467,5970424.0,63.053,2.79,0.572,0.5,COG,50.0580906829591,49.9419093170409,6244547,30.362,69.638,,,,,,,,,,,,6932.938209,,,,,,,,,,,,,
30,Sudan,4,0,0,0,0,51666875363.0963,1102.24536132813,46874204.0,65.578,2.47,0.548,0.25,SDN,50.046156438193,49.953843561807,49358228,63.248,36.752,,,,,,,,,,,,3137.161865,,,,,,,,11.4,118.0,,,,
31,Gabon,5,0,0,0,0,21071739227.9422,8820.34733809998,2388992.0,65.694,2.18,0.524,0.6,GAB,49.20772596483,50.7922740351701,2484557,8.693,91.307,,,,,,,,,,,,21946.99085,,,,,,,,20.1,114.0,,,,
32,Democratic Republic of the Congo,6,0,0,0,0,65801547619.5974,664.593543336696,99010212.0,59.743,1.48,0.605,0.5,COD,50.3857946132016,49.614206333543,105625114,51.945,48.055,,,,,,,,,,,,1670.847219,,,,,,,,,,,,,
33,Mozambique,7,0,0,0,0,18406835494.9468,558.298592504349,32969518.0,59.625,3.51,0.477,0.5714285714,MOZ,50.9132145529792,49.0867883157696,34858402,60.674,39.326,,,,,,,,,,,,1657.109717,,,,,,,,24.8,100.0,,,,
34,Tanzania,7,0,0,0,0,75769974505.0106,1193.35961914063,65497748.0,66.782,5.35,0.513,0.4285714286,TZA,50.5552775099719,49.4447224900281,69419073,61.864,38.136,,,,,,,,,,,,3972.607666,,,,,,,,,,,,,
35,Rwanda,8,0,0,0,0,13316160803.5187,966.571293318523,13776698.0,67.129,3.3,0.4,0.625,RWA,51.0056739861713,48.9943329510902,14414910,81.919,18.081,,,,,,,,,,,,3361.105806,,,,,,,,31.4,102.0,,,,
36,Eritrea,12,0,0,0,0,,,3684032.0,66.604,2.03,,0.25,ERI,50.6212327947212,49.3787672052788,3817651,56.089,43.911,,,,,,,,,,,,,,,,,,,,,,,,,
37,Guinea,24,0,0,0,0,20999229260.4995,1515.16794777612,13859341.0,58.985,2.21,0.609,0.2083333333,GIN,50.4666602885172,49.5333328285877,14528770,61.483,38.517,,,,,,,,,,,,4429.343566,,,,,,,,10.3,131.0,,,,
38,Zambia,27,0,0,1,1,29163782140.4858,1456.90157026157,20017675.0,61.803,5.8,0.526,0.7407407407,ZMB,50.6670051306631,49.3329996008932,21134695,53.086,46.914,,,,,,,,,,,,4125.625556,,,,,,,,35.4,98.0,,,,
39,Morocco,59,1,0,1,2,130912558829.84,3441.99145507813,37457971.0,74.973,5.04,0.44,0.3050847458,MAR,49.7060502191241,50.293952397892,38211459,34.357,65.643,,,,,,,,,,,144462.4264,9743.308594,,,,,,,,6.9,140.0,,,,
40,Nigeria,88,0,0,0,0,472624596925.938,2162.6337321033,218541212.0,53.633,4.23,0.677,0.7159090909,NGA,49.4405236323766,50.5594763676234,229152217,44.97,55.03,,,,,,,,,,,384823.3586,6318.159233,,,,,,,,,,,,,
41,Liechtenstein,1,0,0,0,0,7364654515.13984,187267.132380803,39327.0,84.319512195122,,,0.0,LIE,50.3490532871277,49.6509467128723,39822,85.293,14.707,,,,,,,,,,,,,,,,,,,,,,,,,
42,Andorra,2,0,0,0,0,3380602042.84283,42350.6970690874,79824.0,,,,0.5,AND,48.9563236703551,51.0436763296449,80341,12.253,87.747,,,,,,,,,,,,71587.48178,,,,,,,,,,,,,
43,San Marino,5,0,0,0,0,,,33660.0,,,,0.6,SMR,51.27625394181,48.7207711072767,33614,2.068,97.932,,,,,,,,,,,,,,,,,,,,,,,,,
44,Monaco,6,0,0,0,0,8784002931.68665,240862.18244774,36469.0,,,,0.5,MCO,51.0108692645961,48.9891307354039,36157,0,100,,,,,,,,,,,,,,,,,,,,,,,,,
45,Moldova,26,0,1,3,4,14510490660.2516,5715.28022054154,2538894.0,68.621,6.23,0.156,0.4615384615,MDA,52.4060885351208,47.5939114648792,2397965,56.401,43.599,,,,,,,,,,,16590.89573,17384.37689,,,,,,,,,,,,,
46,Great Britain,327,14,22,29,65,3088839763445.02,45564.1569448013,67791000.0,82.0585365853659,8.28,0.094,0.5321100917,GBR,50.5477863704446,49.4522151009781,68556800,15.116,84.884,35.2,6.4,32.5,25.983333333333334,39.825,42.18333333333333,10.7,13.15,5.875,6.666666666666667,3382201.236,58906.23886,,,,,,,,,,4474000000.0,0.1785328779,,:
47,Czech Republic,111,3,0,2,5,290565654835.809,27226.6156386023,10672118.0,79.0292682926829,7.97,0.113,0.4414414414,CZE,50.6217312814662,49.3782591981099,10878823,25.262,74.738,35.5,5.5,31.200000000000003,26.15,45.6,48.25,8.9,11.149999999999999,3.9499999999999997,5.5,343729.6836,53816.80339,,,,,,,,,,,,,0.58
48,Nauru,1,0,0,0,0,153824609.470517,12142.769929785,12668.0,64.014,,,0.0,NRU,49.2548897857808,50.7528717789506,12884,0,100,,,,,,,,,,,,12670.55385,,,,,,,,,,,,,
49,American Samoa,2,0,0,0,0,871000000.0,19673.3901023197,44273.0,,,,0.5,ASM,50.6499173250046,49.3523792026456,43544,12.716,87.284,,,,,,,,,,,,,,,,,,,,,,,,,
50,Cook Islands,2,0,0,0,0,,,,,,,0.5,COK,,,,,,,,,,,,,,,,,,,,,,,,,,,,,,
51,Solomon Islands,2,0,0,0,0,1566360686.10632,2162.6661301834,724273.0,70.742,,,1.0,SLB,49.0014841285469,50.9986480289372,756673,73.512,26.488,,,,,,,,,,,,3034.854752,,,,,,,,,,,,,
52,Tuvalu,2,0,0,0,0,59065982.0873657,5221.53306995807,11312.0,64.854,,,0.5,TUV,48.841261543823,51.158738456177,11478,33.072,66.928,,,,,,,,,,,,5763.454914,,,,,,,,,,,,,
53,Federated States of Micronesia,3,0,0,0,0,430000000.0,3766.51133457132,114164.0,70.925,,,0.3333333333,FSM,49.7833190025795,50.2175408426483,116300,76.445,23.555,,,,,,,,,,,,4216.50738,,,,,,,,,,,,,
54,Palau,3,0,0,0,0,242333709.716797,13421.9722911546,18055.0,,,,0.6666666667,PLW,48.2687939726331,51.7312060273669,18051,17.161,82.839,,,,,,,,,,,,17490.75234,,,,,,,,,,,,,
55,Marshall Islands,4,0,0,0,0,258774475.097656,6225.17922244115,41569.0,65.146,,,0.5,MHL,49.0227513851232,50.9772486148768,42415,20.792,79.208,,,,,,,,,,,,7491.38615,,,,,,,,,,,,,
56,Guam,8,0,0,0,0,6910000000.0,40227.2753734558,171774.0,78.33,,,0.875,GUM,49.728338904396,50.2722354319584,174114,4.76000000000001,95.24,,,,,,,,,,,,,,,,,,,,,,,,,
57,British Virgin Islands,4,0,0,0,0,,,31305.0,76.373,,,0.25,VGB,51.7425935837295,48.2574064162705,31763,49.829,50.171,,,,,,,,,,,,,,,,,,,,,,,,,
58,Cayman Islands,4,0,0,0,0,6600844001.53721,96073.7635946963,68706.0,,,,0.5,CYM,49.6301066037061,50.3698933962939,69885,0,100,,,,,,,,,,,,,,,,,,,,,,,,,
59,Saint Vincent and the Grenadines,4,0,0,0,0,966492592.592592,9297.84692916259,103948.0,68.972,,,0.5,VCT,49.2375799311363,50.7624200688637,103683,45.275,54.725,,,,,,,,,,,,19875.68917,,,,,,,,,,,,,
60,Virgin Islands,5,0,0,0,0,,,105413.0,80.319512195122,,,0.2,VIR,53.6729386568762,46.3280811789302,104181,3.68600000000001,96.314,,,,,,,,,,,,,,,,,,,,,,,,,
61,Aruba,6,0,0,0,0,3544707788.05664,33300.8388187011,106445.0,74.992,,,0.3333333333,ABW,52.9408440622734,47.0600977612854,106177,55.526,44.474,,,,,,,,,,,,,,,,,,,,,,,,,
62,Nicaragua,7,0,0,0,0,15649934214.9276,2252.31020571776,6948392.0,74.615,2.26,0.397,0.8571428571,NIC,50.7274104172346,49.2725895827654,7142529,39.845,60.155,,,,,,,,,,,17734.32992,8043.737115,,,,,,,,19.6,116.0,,,,
63,Bermuda,8,0,0,0,0,7827980000.0,123091.123516,63595.0,81.571,,,0.5,BMU,51.8401501524986,48.1598498475014,..,0,100,,,,,,,,,,,,,,,,,,,,,,,,,
64,Panama,8,0,1,0,1,76522511780.6222,17357.6286293985,4408581.0,76.826,6.91,0.392,0.625,PAN,50.0207267686272,49.9792953163687,4527961,30.112,69.888,,,,,,,,,,,,39695.08196,,,,,,,,5.6,132.0,,,,
65,Puerto Rico,51,0,0,2,2,113567200000.0,35268.0791015719,3220113.0,79.72,,,0.4705882353,PRI,52.9418728941062,47.0581271058938,3211671,6.336,93.664,,,,,,,,,,,,47699.56154,,,,,,,,,,,,,
66,Dominican Republic,58,1,0,2,3,113537368176.13,10111.2457110261,11228821.0,74.17,6.44,0.433,0.4310344828,DOM,49.8779124200138,50.1220875799862,11434005,14.989,85.011,,,,,,,,,,,,25610.51187,,,,,,,,,,,,,
67,Cuba,61,2,1,6,9,,,11212191.0,78.155,2.65,0.3,0.4426229508,CUB,50.4259799489681,49.5740200510319,11174587,22.343,77.657,,,,,,,,,,,,,,,,,,,,0.0,131.0,,,,
68,United States,592,40,44,42,126,25744108000000.0,77246.6738828672,333271411.0,77.4341463414634,7.85,0.18,0.5304054054,USA,50.5084460743347,49.4915542182217,336610656,16.485,83.515,,,,,,,,,,,27720800.0,81695.18707,,,,,,,,,,,,,
69,Bolivia,4,0,0,0,0,44008282879.8842,3600.12163502163,12224110.0,64.928,4.2,0.418,0.5,BOL,49.9162670593036,50.0837329406964,12567336,28.455,71.545,,,,,,,,,,,45100.57212,10726.99881,,,,,,,,,,,,,
70,Venezuela,33,0,0,0,0,,,28301696.0,71.105,2.31,0.521,0.4545454545,VEN,50.5933458691097,49.4066541308903,29395334,11.495,88.505,,,,,,,,,,,,,,,,,,,,,,,,,
71,Armenia,15,0,3,1,4,19513474648.2429,7018.05150434798,2780469.0,73.372,5.42,0.198,0.1333333333,ARM,55.005923370911,44.994076629089,2777979,36.071,63.929,,,,,,,,,,,24012.08904,23054.60052,,0.0,0.0,0.0,8.5,7.2,7.8,0.0,135.0,,,,
72,Indonesia,29,2,0,1,3,1319076267310.16,4787.91236404903,275501339.0,68.25,6.53,0.439,0.4482758621,IDN,49.6653788318588,50.3346211681412,279798049,40.796,59.204,,,,,,,,,,,1371465.1,15612.79912,,0.0,0.0,0.0,5.0,4.9,4.9,7.2,123.0,,,,
73,Mongolia,32,0,1,0,1,17146471713.748,5045.50472602069,3398366.0,72.667,6.48,0.297,0.5625,MNG,50.4724170769134,49.5275829230866,3493629,30.737,69.263,,,,,,,,,,,20423.18854,18108.00355,,0.0,0.0,0.0,5.7,4.9,5.3,0.0,132.0,,,,
74,Singapore,23,0,0,1,1,498474540987.78,88428.7024226232,5637022.0,82.8951219512195,6.18,0.036,0.6956521739,SGP,47.7793827524171,52.2206172475829,5953785,0,100,,,,,,,,,,,501337.324,141500.2203,,2.0,3.0,2.5,7.4,7.9,7.7,,,,,,
75,Montenegro,19,0,0,0,0,6229801580.79157,10093.4387007266,617213.0,76.1878048780488,6.67,0.114,0.1578947368,MNE,51.3146420231847,48.6853579768153,615708,31.16,68.84,,,,,,,,,,,,31216.37979,,2.4,2.6,2.5,12.7,11.8,12.3,0.0,145.0,,,,:
76,Serbia,113,3,1,1,5,63563410720.7093,9537.68431879504,6664449.0,75.4821951219512,6.33,0.119,0.3805309735,SRB,52.0408824651671,47.9591034444277,6579187,42.629,57.371,,,,,,,,,,,,27401.78907,,3.5,2.4,3.0,13.8,12.3,13.0,0.0,146.0,,,,0.56
77,Mexico,107,0,3,2,5,1463323889036.56,11476.6788057764,127504125.0,74.832,5.14,0.352,0.5794392523,MEX,51.2489880570267,48.7510119429732,129388467,18.138,81.862,,,,,,,,,,,1793535.406,25601.62555,,3.6,2.4,3.0,24.3,17.1,20.7,3.1,137.0,,,,
78,Kuwait,9,0,0,0,0,182809482400.924,42823.8278348699,4268873.0,80.264,3.5,0.199,0.4444444444,KWT,39.4055704491215,60.5944295508785,4349380,0,100,,,,,,,,,,,161744.6345,56386.29433,,2.7,4.2,3.5,7.8,9.6,8.7,0.0,141.0,,,,
79,Senegal,11,0,0,0,0,27619479059.6131,1594.98515311153,17316449.0,67.913,5.48,0.505,0.3636363636,SEN,50.8027822195533,49.1972177804467,18221567,49.92,50.08,,,,,,,,,,,,4833.032543,,4.0,4.0,4.0,28.6,30.2,29.4,4.6,124.0,,,,
80,Saint Lucia,4,1,1,0,2,2343703788.17323,13030.9289500727,179857.0,71.294,,0.347,0.25,LCA,50.6374270623047,49.363126019745,180805,80.694,19.306,,,,,,,,,,,,25128.69968,,4.5,4.5,4.5,22.2,22.2,22.2,,,,,,
81,Cape Verde,7,0,0,1,1,2303738020.15148,3883.91115917161,593149.0,74.722,7.65,0.325,0.4285714286,CPV,50.2839720015022,49.7160279984978,604461,31.588,68.412,,,,,,,,,,,,9086.23354,,6.0,6.0,6.0,34.3,34.3,34.3,12.6,109.0,,,,
82,Georgia,28,3,3,1,7,24984568959.605,6729.84659930283,3712502.0,71.587,5.2,0.283,0.25,GEO,53.0068259615191,46.9931740384809,3753368,38.838,61.162,,,,,,,,,,,30547.1702,24681.2506,,7.6,7.4,7.5,34.5,30.3,32.4,4.0,126.0,323300000.0,0.4505662068,,
83,Niger,7,0,0,0,0,15433852712.2963,588.899048266729,26207977.0,62.08,2.37,0.609,0.2857142857,NER,49.28141506001,50.71858493999,28238972,82.768,17.232,,,,,,,,,,,,1817.337953,,7.6,7.3,7.5,50.8,49.8,50.3,13.3,121.0,,,,
84,Kiribati,3,0,0,0,0,270520731.599041,2061.39304132408,131232.0,67.661,,,0.3333333333,KIR,51.1450100542858,48.8557265234269,135763,41.552,58.448,,,,,,,,,,,,3521.74542,,8.0,8.0,8.0,41.0,41.0,41.0,3.7,140.0,,,,
85,Fiji,33,0,1,0,1,4979979531.2725,5356.16438036291,929766.0,68.312,5.55,0.332,0.4848484848,FJI,49.8583353126803,50.1416646873197,943072,40.808,59.192,,,,,,,,,,,,15046.46683,,8.5,8.5,8.5,29.2,29.2,29.2,7.8,122.0,,,,
86,Guinea-Bissau,6,0,0,0,0,1714166526.44573,814.111990051955,2105566.0,59.861,2.45,0.631,0.0,GNB,50.5665751389642,49.4334703745627,2197149,54.107,45.893,,,,,,,,,,,,2630.29254,,9.0,9.0,9.0,62.5,62.5,62.5,32.2,96.0,,,,
87,Nepal,7,0,0,0,0,41182939600.67,1348.15718956035,30547580.0,70.484,4.6,0.495,0.5714285714,NPL,52.0627112754785,47.9372887245215,31240315,77.634,22.366,,,,,,,,,,,,5181.841674,,13.3,13.8,13.5,37.0,37.0,37.0,5.7,129.0,,,,
88,Uganda,24,1,1,0,2,45565333216.4142,964.354146526666,47249585.0,63.638,4.49,0.527,0.5416666667,UGA,50.4357200985205,49.5642799014795,49924252,72.611,27.389,,,,,,,,,,,,3098.111016,,23.2,22.8,23.0,71.1,71.3,71.2,36.9,98.0,,,,
89,Zimbabwe,7,0,0,0,0,27366627153.0954,1676.82148896788,16320537.0,59.391,3.04,0.519,0.2857142857,ZWE,52.653307772515,47.3466981028149,17020321,67.33,32.67,,,,,,,,,,,,3899.899233,,26.8,25.3,26.0,71.2,70.2,70.7,38.1,90.0,,,,
90,Papua New Guinea,7,0,0,0,0,31603619036.6338,3115.92292253449,10142619.0,65.958,6.03,0.604,0.2857142857,PNG,48.5197875803506,51.4802219291602,10515788,86.12,13.88,,,,,,,,,,,,4607.381497,,27.0,27.0,27.0,57.3,57.3,57.3,27.7,98.0,,,,
91,Kenya,72,4,2,5,11,113419826113.903,2099.29856841025,54027487.0,62.055,5.05,0.533,0.4722222222,KEN,50.4528990696765,49.54709915106,56203030,69.951,30.049,,,,,,,,,,,108357.2866,6323.533601,,29.1,26.9,28.0,75.4,70.3,72.8,34.5,94.0,,,,
92,Canada,315,9,7,11,27,2161483369422.01,55509.393176404,38939056.0,81.2956097560976,8.69,0.069,0.6095238095,CAN,50.2934049275928,49.7065976294911,40409176,18.02,81.98,,,,,,,,,,,2143202.519,61582.34997,,1.7,1.3,1.5,9.5,7.6,8.5,0.0,145.0,6756000000.0,0.2401459644,,
93,Djibouti,7,0,0,0,0,3674298479.07676,3278.138695825,1120849.0,62.859,2.7,,0.2857142857,DJI,50.4007969946083,49.5992897861635,1152329,21.268,78.732,,,,,,,,,,,,7204.048436,,15.4,17.6,16.5,49.2,49.3,49.2,12.9,116.0,,,,
94,Gambia,7,0,0,0,0,2175099789.97829,803.808655006479,2705992.0,62.906,4.47,0.585,0.4285714286,GMB,50.2231505843297,49.7768846045979,2841803,34.92,65.08,,,,,,,,,,,,3162.506798,,25.9,25.1,25.5,58.1,59.9,59.0,20.5,105.0,,,,
95,Somalia,1,0,0,0,0,10419541202.0391,592.103121972141,17597511.0,56.107,,0.674,0.0,SOM,49.8602442454189,50.1397504089663,18706922,51.481,48.519,,,,,,,,,,,,1611.284169,,43.5,43.5,43.5,79.7,79.7,79.7,51.3,84.0,,,,
96,Malawi,3,0,0,0,0,13129458325.7379,643.433195658657,20405317.0,62.898,5.85,0.579,0.6666666667,MWI,51.3293001729096,48.6706951707216,21475962,81.402,18.598,,,,,,,,,,,,1867.673844,,55.0,52.0,53.5,82.5,81.0,81.7,19.9,120.0,,,,
97,Vanuatu,6,0,0,0,0,1022219297.50335,3128.54042205837,326740.0,70.492,,,0.6666666667,VUT,49.7191265610166,50.2808734389834,342325,73.853,26.147,,,,,,,,,,,,3315.073447,,2.4,2.4,2.4,23.3,23.3,23.3,7.9,130.0,,,,
98,Uruguay,25,0,0,0,0,70164683290.3776,20499.2422244452,3422794.0,78.0,8.66,0.24,0.16,URY,51.5156649283911,48.4843350716089,3423316,4.148,95.852,,,,,,,,,,,77272.95837,34061.51295,,3.3,2.4,2.9,18.7,12.7,15.7,0.0,133.0,,,,
99,Israel,88,1,5,1,7,525002447652.773,54930.9388075096,9557500.0,82.7,7.8,0.092,0.3863636364,ISR,50.0716843799575,49.9283156200425,9900172,7.054,92.946,,,,,,,,,,,511554.2845,53433.99639,,3.0,3.8,3.4,11.9,12.4,12.2,0.0,161.0,,,,
100,Samoa,24,0,0,0,0,832945205.637185,3745.56036746313,222382.0,72.598,,0.406,0.1666666667,WSM,49.0190683332897,50.9813684127774,228966,82.58,17.42,,,,,,,,,,,,6680.611386,,3.4,3.4,3.4,23.6,23.6,23.6,5.4,128.0,,,,
101,Bahamas,18,0,0,0,0,13136400000.0,32041.2503902591,409984.0,74.358,,0.333,0.4444444444,BHS,52.3417537082483,47.6580054573085,415223,16.236,83.764,,,,,,,,,,,,35554.79948,,3.3,3.6,3.4,16.9,17.6,17.2,,,,,,
102,North Macedonia,7,0,0,0,0,13711469681.1535,7485.6034579418,1831712.0,74.4248780487805,6.03,0.134,0.2857142857,MKD,50.1718917600468,49.8281082399532,1811631,40.132,59.868,,,,,,,,,,,14749.62803,24872.74093,,6.0,3.7,4.8,22.3,18.2,20.2,0.0,127.0,,,,:
103,Ukraine,140,3,5,4,12,161989520721.19,4575.97509765625,38000000.0,68.5879268292683,5.06,0.188,0.4857142857,UKR,54.2437584910319,45.756241508968,38013272,29.716,70.284,,,,,,,,,,,177426.9897,18007.48633,,5.4,5.2,5.3,34.8,27.1,31.0,5.8,116.0,,,,
104,Colombia,87,0,3,1,4,345329875078.512,6657.08669677355,51874024.0,73.659,6.55,0.392,0.5747126437,COL,50.7290281951123,49.2709698943313,52340774,17.348,82.652,,,,,,,,,,,365564.7595,21548.01337,,5.7,5.0,5.3,35.0,27.8,30.7,4.2,131.0,,,,
105,Malaysia,26,0,0,2,2,407027451714.616,11993.1876132994,33938221.0,76.26,7.29,0.202,0.5,MYS,48.9645893309264,51.035413553254,34671895,20.799,79.201,,,,,,,,,,,399957.8246,37247.7011,,4.7,6.8,5.8,14.3,19.1,16.7,0.0,125.0,,,,
106,Dominica,4,1,0,0,1,607159259.259259,8347.32336031537,72737.0,72.981,,,0.5,DMA,50.3611928906335,49.6388071093665,73368,27.688,72.312,,,,,,,,,,,,17598.64362,,5.8,5.8,5.8,34.4,34.4,34.4,13.4,111.0,,,,
107,Grenada,6,0,0,2,2,1224577777.77778,9762.4147210397,125438.0,75.335,,,0.3333333333,GRD,50.0839329482138,49.9160670517862,126887,62.733,37.267,,,,,,,,,,,,17654.09769,,5.8,5.8,5.8,19.9,19.9,19.9,,,,,,
108,Mauritania,2,0,0,0,0,9744039514.55646,2057.38039245817,4736139.0,64.691,4.14,0.603,0.5,MRT,50.9365985291721,49.0634014708279,4993922,41.542,58.458,,,,,,,,,,,,6934.277928,,12.3,11.0,11.6,62.3,60.2,61.2,9.3,132.0,,,,
109,Argentina,136,1,1,1,3,631133384439.944,13650.6046294524,46234830.0,76.064,6.62,0.292,0.2426470588,ARG,50.4827058205432,49.5172941794568,46936024,7.42100000000001,92.579,,,,,,,,,,,648127.0243,29362.69242,,15.7,10.4,13.1,41.7,30.5,36.1,3.2,137.0,,,,
110,Pakistan,7,1,0,0,1,374787958882.308,1589.26398049714,235824862.0,66.431,3.25,0.522,0.4285714286,PAK,49.5987071316864,50.4012928683136,245209815,61.635,38.365,,,,,,,,,,,,6212.037595,,23.3,6.9,15.1,55.2,34.5,44.9,20.7,109.0,,,,
111,Chad,3,0,0,0,0,12396807590.173,699.463254485574,17723315.0,52.997,1.67,0.671,0.3333333333,TCD,49.8076419838163,50.1923580161837,18847148,75.309,24.691,,,,,,,,,,,,1969.303135,,36.2,36.7,36.4,77.0,76.3,76.6,35.1,100.0,,,,
112,Haiti,7,0,0,0,0,20253551920.5516,1748.25713539751,11584996.0,63.728,2.81,0.621,0.4285714286,HTI,50.5024846149374,49.4975238117709,11867030,39.528,60.472,,,,,,,,,,,,3255.537746,,44.1,40.8,42.4,83.7,81.9,82.8,50.4,85.0,,,,
113,Kazakhstan,79,1,3,3,7,225496328925.494,11484.4168149009,19634983.0,74.44,3.08,0.177,0.3291139241,KAZ,51.7905010372871,48.2094939193818,20138360,41.613,58.387,,,,,,,,,,,256943.5035,39332.47002,,0.5,0.6,0.6,2.2,2.3,2.2,0.0,144.0,258265920992.0,0.2488937761,,
114,Sri Lanka,6,0,0,0,0,74144875098.0587,3342.72012524497,22181000.0,76.61,6.17,0.376,0.5,LKA,51.8810741205584,48.118921323481,22089812,80.584,19.416,,,,,,,,,,,84528.71102,14455.30162,,1.2,1.2,1.2,11.1,11.7,11.4,4.1,121.0,,,,
115,Japan,403,20,12,13,45,4256410760723.75,34017.2718075024,125124989.0,83.9963414634146,8.4,0.078,0.4739454094,JPN,51.4126777872088,48.5873222127913,123763600,7.866,92.134,,,,,,,,,,,4227344.358,50206.60916,,0.7,1.7,1.2,4.6,6.5,5.5,3.4,110.0,735900000000.0,0.1320646702,,
116,Ethiopia,34,1,3,0,4,126772703047.701,1027.49863136325,123379924.0,65.645,3.37,0.494,0.5294117647,ETH,49.7858216914577,50.2141775376495,129719719,76.339,23.661,,,,,,,,,,,,3109.276512,,19.8,19.5,19.7,57.8,60.3,59.0,22.2,112.0,,,,
117,Sierra Leone,4,0,0,0,0,4094563859.43556,475.795727844622,8605718.0,60.411,4.32,0.613,0.75,SLE,49.8792600377903,50.1207511005826,8977972,55.221,44.779,,,,,,,,,,,,1846.683857,,32.1,32.6,32.3,88.6,88.6,88.6,28.4,103.0,,,,
118,Bosnia and Herzegovina,5,0,0,0,0,24534663636.1778,7587.58817346075,3233526.0,75.293,5.0,0.148,0.6,BIH,50.7793379493598,49.2206620506402,3194378,49.292,50.708,,,,,,,,,,,27516.77979,22845.51855,,3.3,2.2,2.8,15.6,10.9,13.3,0.0,135.0,,,,
119,Costa Rica,6,0,0,0,0,69243626028.5936,13365.3563992546,5180829.0,77.32,8.29,0.232,0.5,CRI,50.0329920784705,49.9670079215296,5246714,16.833,83.167,,,,,,,,,,,86707.50342,27952.47662,,3.1,2.6,2.8,18.6,13.8,16.2,0.0,121.0,,,,
120,New Zealand,195,10,7,3,20,246733522841.353,48216.5095836302,5117200.0,82.7609756097561,9.61,0.082,0.4974358974,NZL,50.4159346056947,49.5840653943053,5262079,12.909,87.091,,,,,,,,,,,248554.9456,54109.801,,3.3,4.3,3.8,15.2,17.5,16.4,0.0,137.0,,,,
121,Algeria,45,2,0,1,3,225560256621.757,5023.25293164928,44903225.0,77.129,3.66,0.46,0.4,DZA,49.0996591502653,50.9003430105536,46278751,24.252,75.748,,,,,,,,,,,,17026.96167,,4.3,7.0,5.6,16.9,20.9,18.9,0.0,152.0,,,,
122,Saint Kitts and Nevis,3,0,0,0,0,981429629.62963,20593.609115757,47657.0,72.027,,,0.3333333333,KNA,51.8256108010952,48.1722992037118,47847,68.779,31.221,,,,,,,,,,,,33402.82668,,,,5.6,,,29.8,,,,,,
123,Brazil,277,3,7,10,20,1951923942083.32,9065.49733395404,215313498.0,73.425,6.68,0.391,0.5559566787,BRA,50.9252148081953,49.0747856512848,217637297,11.984,88.016,,,,,,,,,,,2174876.884,20584.41917,,8.0,5.2,6.6,22.0,14.8,18.4,3.9,136.0,,,,
124,Paraguay,28,0,0,0,0,41952910858.0846,6187.0660296399,6780744.0,70.475,6.0,0.429,0.2142857143,PRY,49.8572820690717,50.1427179309283,6947270,36.511,63.489,,,,,,,,,,,42941.42076,17465.86097,,6.2,7.1,6.6,26.1,26.3,26.2,4.5,129.0,,,,
125,Antigua and Barbuda,5,0,0,0,0,1867733333.33333,19919.7266867883,93763.0,79.236,,,0.4,ATG,52.2095426932163,47.7904573067837,94816,75.662,24.338,,,,,,,,,,,,31802.3772,,6.8,7.4,7.1,37.0,29.0,33.0,,,,,,
126,Ghana,8,0,0,0,0,74263364041.8742,2218.41475790993,33475870.0,63.945,6.3,0.512,0.25,GHA,50.1320364343383,49.8679635656618,34777522,40.146,59.854,,,,,,,,,,,72225.25492,7466.366889,,8.6,7.9,8.2,43.5,41.3,42.4,6.2,135.0,,,,
127,Albania,8,0,0,2,2,18916378860.5488,6810.11404104233,2777689.0,76.833,6.28,0.116,0.375,ALB,50.2430626817928,49.7569373182072,2740502,34.62,65.38,,,,,,,,,,,23538.99119,21395.32504,,9.3,7.2,8.2,35.7,28.6,32.2,4.5,134.0,,,,
128,Mauritius,13,0,0,0,0,12927979286.0453,10239.7970461095,1262523.0,73.5146341463415,8.14,0.369,0.4615384615,MUS,50.7626856982222,49.2372374955644,1262292,59.056,40.944,,,,,,,,,,,14598.0116,29498.47052,,9.9,10.6,10.2,30.9,31.4,31.2,5.9,130.0,,,,
129,Trinidad and Tobago,18,0,0,0,0,30053575132.142,19629.4653400829,1531044.0,74.708,7.16,0.264,0.4444444444,TTO,50.7599791964634,49.2400208035366,1538200,46.438,53.562,,,,,,,,,,,,31572.10102,,10.4,10.0,10.2,44.8,41.9,43.3,12.6,121.0,,,,
130,Lebanon,10,0,0,0,0,20992421948.8081,3823.93806860546,5489739.0,74.416,3.56,0.365,0.4,LBN,51.5557255313425,48.4442553080603,5219044,10.397,89.603,,,,,,,,,,,,,,12.2,11.2,11.7,40.8,39.3,40.1,9.6,124.0,,,,
131,Ecuador,40,1,2,2,5,116586079000.0,6476.64457530137,18001000.0,77.894,5.41,0.371,0.6,ECU,50.0957291651193,49.9042653934048,18377367,34.971,65.029,,,,,,,,,,,118844.826,15870.2617,,14.1,11.2,12.7,40.6,33.1,36.9,13.9,110.0,,,,
132,Cameroon,6,0,0,0,0,43644068310.851,1563.48894034459,27914536.0,60.958,2.56,0.555,0.6666666667,CMR,50.1123358970727,49.8876641029272,29394433,40.108,59.892,,,,,,,,,,,49282.59824,5380.15889,,24.7,26.1,25.4,59.5,59.7,59.6,5.7,126.0,,,,
133,Botswana,11,1,1,0,2,20321958850.0363,7726.11099664689,2630296.0,65.913,7.73,0.483,0.1818181818,BWA,50.5778591267988,49.4221408732012,2719694,26.51,73.49,,,,,,,,,,,19783.47446,19383.1726,,28.2,24.5,26.4,57.4,52.2,54.8,24.3,109.0,,,,
134,Comoros,4,0,0,0,0,1242519407.77603,1484.89246532042,836774.0,63.68,3.04,,0.25,COM,49.7416451034745,50.258239636701,867605,69.582,30.418,,,,,,,,,,,,3854.788785,,28.4,26.4,27.4,80.0,79.5,79.7,16.9,108.0,,,,
135,Lesotho,3,0,0,0,0,2289355249.40148,992.857328462257,2305825.0,53.036,6.06,0.552,0.6666666667,LSO,50.6970679725629,49.3029320274371,2356083,69.103,30.897,,,,,,,,,,,,2793.862312,,33.6,32.1,32.8,56.9,56.4,56.7,,,,,,
136,Azerbaijan,48,2,2,3,7,78807470588.2353,7770.594223351,10141756.0,73.488,2.8,0.329,0.4166666667,AZE,50.6324725907836,49.3675178516404,10162521,42.003,57.997,,,,,,,,,,,,23685.53864,,0.8,0.7,0.7,12.7,11.7,12.2,0.0,141.0,,,,
137,Thailand,51,1,3,2,6,495645210972.751,6913.05080521119,71697030.0,79.68,6.35,0.31,0.5294117647,THA,51.538596656622,48.461403343378,71885799,45.68,54.32,,,,,,,,,,,515242.977,23422.92419,,1.5,1.2,1.4,7.6,6.8,7.2,5.6,118.0,,,,
138,Liberia,8,0,0,0,0,4001047000.0,754.53284857226,5302681.0,61.1,5.57,0.656,0.375,LBR,50.1585981738318,49.8413837656803,5536949,45.923,54.077,,,,,,,,,,,,1819.04767,,39.9,34.7,37.3,83.5,78.5,81.0,38.4,95.0,,,,
139,Libya,6,0,0,0,0,55938727098.0174,8211.38094790285,6812341.0,72.151,2.06,0.266,0.1666666667,LBY,49.4565417951273,50.5434582048727,6964197,18.093,81.907,,,,,,,,,,,,19641.14395,,21.3,18.4,19.9,40.0,35.8,37.9,11.4,134.0,,,,
140,Burundi,7,0,0,0,0,3338722827.65691,259.025031363088,12889576.0,61.977,2.13,0.499,0.4285714286,BDI,50.3270866826613,49.6729206747934,13591657,84.84,15.16,,,,,,,,,,,,950.8798139,,21.6,20.2,20.9,71.8,69.7,70.8,,,,,,
141,Honduras,4,0,0,0,0,31426041806.7985,3012.21734086324,10432860.0,70.728,4.98,0.413,0.25,HND,49.5345003246462,50.4654996753538,10759406,39.182,60.818,,,,,,,,,,,34330.52513,7210.689278,,29.2,24.7,26.9,60.7,51.4,56.0,20.4,115.0,,,,
142,Namibia,4,0,0,0,0,12567271004.6761,4895.68066089139,2567012.0,58.059,6.52,0.45,0.5,NAM,51.7590676561576,48.2409323438424,2645805,44.205,55.795,,,,,,,,,,,,12756.54163,,33.3,30.4,31.9,58.7,54.8,56.8,22.2,108.0,,,,
143,Angola,24,0,0,0,0,104399746853.401,2933.48464381415,35588987.0,61.929,4.18,0.52,0.6666666667,AGO,50.5532760877939,49.4467239122061,37804634,30.719,69.281,,,,,,,,,,,,8040.543601,,33.3,30.4,31.9,82.2,76.2,79.2,23.2,111.0,,,,
144,Guatemala,16,1,0,1,2,95003330315.8754,5473.20856444589,17357886.0,68.674,4.47,0.474,0.375,GTM,50.5192873246786,49.4807126753214,17869564,46.458,53.542,,,,,,,,,,,104455.9784,14066.51179,,22.6,19.6,21.1,65.6,54.0,59.8,12.6,125.0,,,,
145,Maldives,5,0,0,0,0,6170638746.31376,11780.8169089988,523787.0,80.839,,0.328,0.6,MDV,42.9074296130237,57.0925703869763,517887,57.593,42.407,,,,,,,,,,,,24808.70777,,1.8,2.7,2.2,13.2,13.5,13.4,,,,,,
146,Mali,23,0,0,0,0,18780322203.7584,831.223466645115,22593590.0,59.417,2.58,0.607,0.08695652174,MLI,49.524127647857,50.4758765160703,24015789,53.066,46.934,,,,,,,,,,,,2725.955859,,2.7,2.6,2.7,19.6,20.4,20.0,9.6,127.0,,,,
147,Seychelles,3,0,0,0,0,2057968519.83091,17167.1909760833,119878.0,73.8487804878049,,,0.3333333333,SYC,47.5490241356696,52.4509758643304,120483,40.758,59.242,,,,,,,,,,,,32693.64026,,3.2,3.2,3.2,14.3,14.3,14.3,0.0,137.0,,,,
148,Chile,48,1,1,0,2,302116539409.03,15411.1739539112,19603733.0,79.519,7.98,0.19,0.375,CHL,50.3723592222308,49.6276407777692,19658839,11.884,88.116,,,,,,,,,,,336376.1559,33284.49473,,4.0,3.4,3.7,19.3,15.9,17.6,0.0,127.0,,,,
149,Philippines,22,2,0,2,4,404353369604.631,3499.10727950801,115559009.0,72.187,6.66,0.388,0.6818181818,PHL,49.2035680687854,50.7964327708013,119106224,51.386,48.614,,,,,,,,,,,436732.1999,10755.49885,,5.7,6.1,5.9,43.8,44.5,44.1,5.9,125.0,,,,
150,Belize,1,0,0,0,0,2830507575.6841,6984.21695968163,405272.0,70.962,,0.454,0.0,BLZ,49.7551937329596,50.2448062670404,416656,53.162,46.838,,,,,,,,,,,,14195.31362,,5.9,5.9,5.9,45.5,45.5,45.5,4.6,124.0,,,,
151,Myanmar,2,0,0,0,0,62253049891.6449,1149.01896107058,54179306.0,67.256,0.74,0.479,0.5,MMR,50.2643697061244,49.7356302938756,54964694,67.53,32.47,,,,,,,,,,,,5905.24312,,7.3,6.5,6.9,32.9,31.1,32.0,5.3,121.0,,,,
152,Barbados,4,0,0,0,0,5840673700.0,20738.4511868198,281635.0,77.706,,0.289,0.5,BRB,52.0160533316331,47.9839466683669,282309,68.452,31.548,,,,,,,,,,,,19357.16944,,8.0,6.8,7.4,33.3,28.8,31.1,3.5,131.0,,,,
153,Tunisia,27,1,1,1,3,44579761022.8993,3607.91023773078,12356117.0,74.263,5.51,0.237,0.5185185185,TUN,50.7016369446152,49.2983630553848,12564689,29.12,70.88,,,,,,,,,,,48609.76405,13681.61109,,10.7,11.8,11.3,26.4,27.0,26.7,3.2,148.0,,,,
154,Benin,5,0,0,0,0,17425418044.2906,1304.99479694323,13352864.0,59.954,4.68,0.649,0.4,BEN,49.8859309810348,50.1140690189652,14080072,49.331,50.669,,,,,,,,,,,,4248.310817,,16.2,15.4,15.8,64.2,62.4,63.3,10.3,126.0,,,,
155,El Salvador,8,0,0,0,0,31988920000.0,5048.443972532,6336392.0,71.475,4.71,0.369,0.125,SLV,52.3985861176692,47.6014138823308,6396289,24.004,75.996,,,,,,,,,,,34015.18157,12542.30901,,17.9,13.7,15.8,53.8,39.9,46.9,6.8,122.0,,,,
156,Jamaica,58,1,3,2,6,17097760686.7775,6047.2164436428,2827377.0,70.629,7.06,0.35,0.5,JAM,50.4343765687296,49.5656234312704,2824738,42.238,57.762,,,,,,,,,,,19505.12202,11475.00574,,26.2,27.0,26.6,54.2,56.0,55.1,7.3,116.0,,,,
157,Afghanistan,6,0,0,0,0,14502158192.0904,352.603733092107,41128771.0,62.879,0.32,0.665,0.5,AFG,49.5423760661887,50.4576239338113,43372950,72.735,27.265,,,,,,,,,,,,,,34.7,26.5,30.6,85.4,76.4,80.9,30.4,105.0,,,,
158,South Sudan,14,0,0,0,0,,,10913164.0,55.567,,,0.07142857143,SSD,50.4341633463662,49.5658277860995,11277092,78.44,21.56,,,,,,,,,,,,,,63.2,63.2,63.2,87.3,87.3,87.3,19.6,109.0,,,,
159,Kyrgyzstan,16,0,2,4,6,12134931017.9465,1739.79999970559,6974900.0,72.0487804878049,3.7,0.345,0.3125,KGZ,50.9106226294322,49.0893919912931,7212168,61.834,38.166,,,,,,,,,,,,7102.767219,,1.2,1.0,1.1,7.5,6.6,7.0,6.1,116.0,,,,
160,Peru,26,0,0,1,1,246488757636.211,7239.11131130898,34049588.0,73.385,5.81,0.36,0.6538461538,PER,50.5038571140744,49.4961428859256,34683444,20.861,79.139,,,,,,,,,,,267765.3082,16717.3831,,22.3,18.3,20.3,57.7,45.8,51.7,7.0,121.0,,,,
161,Tonga,4,0,0,0,0,500274898.085221,4681.67940711244,106858.0,71.27,,0.462,0.5,TON,50.514799922711,49.485200077289,108683,76.79,23.21,,,,,,,,,,,,,,2.6,2.6,2.6,14.8,14.8,14.8,,,,,,
162,Australia,461,18,19,16,53,1692956646855.7,65077.676668821,26014399.0,83.2,8.66,0.063,0.5553145336,AUS,50.3337105940857,49.6662894059143,26889126,13.25,86.75,,,,,,,,,,,1739743.743,69114.73789,,3.6,4.8,4.2,13.0,12.8,12.9,0.0,138.0,9936000000.0,0.4057292101,,
163,Guyana,5,0,0,0,0,14718388489.2086,18199.4748396968,808726.0,65.989,6.26,0.416,0.6,GUY,50.9481523778847,49.0518476221153,819594,72.684,27.316,,,,,,,,,,,,55262.52483,,4.7,4.7,4.7,25.5,25.5,25.5,0.0,142.0,,,,
164,Tajikistan,14,0,0,3,3,10713525200.3998,1076.43469114729,9952787.0,71.288,1.94,0.269,0.2142857143,TJK,49.6736925172528,50.3263171618717,10331513,71.477,28.523,,,,,,,,,,,,5082.171803,,7.2,6.3,6.7,29.1,26.8,28.0,8.7,121.0,,,,
165,Burkina Faso,8,0,0,0,0,18820219331.2261,830.043965850311,22673762.0,59.766,2.73,0.577,0.375,BFA,50.1538092285705,49.8461865768421,23840247,66.834,33.166,,,,,,,,,,,,2726.94231,,6.8,7.6,7.2,39.3,42.1,40.7,15.4,119.0,,,,
166,Suriname,5,0,0,0,0,3620987993.32637,5858.82466074423,618040.0,70.289,6.88,0.405,0.2,SUR,50.3208568906701,49.6791431093299,628785,33.467,66.533,,,,,,,,,,,,21047.18256,,8.2,6.2,7.2,40.4,31.3,35.8,10.1,110.0,,,,
167,South Africa,149,1,3,2,6,405270850098.738,6766.48125428394,59893885.0,61.48,7.05,0.401,0.4228187919,ZAF,51.2081495083409,48.7918488528581,61020221,30.702,69.298,,,,,,,,,,,381126.6775,15847.42756,,8.9,7.8,8.4,20.2,18.6,19.4,8.1,116.0,20068285001.0,0.3027552783,,
168,East Timor,4,0,0,0,0,3204753000.0,2389.2958750343,1341296.0,69.056,7.06,0.415,0.5,TLS,49.0046619894585,50.9953380105415,1379883,67.158,32.842,,,,,,,,,,,,5108.705038,,8.9,8.9,8.9,53.7,53.7,53.7,15.9,101.0,,,,
169,Ivory Coast,11,0,0,1,1,70173140101.4315,2491.89593372995,28160542.0,58.916,4.22,0.612,0.6363636364,CIV,49.5605996925613,50.4394003074387,29603302,46.356,53.644,,,,,,,,,,,,7790.85552,,9.1,8.8,8.9,39.4,39.3,39.4,9.6,132.0,,,,
170,Egypt,148,1,1,1,3,476747720364.742,4295.40749561014,110990103.0,70.159,2.93,0.389,0.3513513514,EGY,49.4507829775575,50.5492170224425,114484252,56.742,43.258,,,,,,,,,,,389512.2528,18816.50559,,11.7,9.0,10.4,32.5,27.1,29.8,8.5,133.0,,,,
171,Togo,5,0,0,0,0,8169476148.95692,923.240371150258,8848699.0,61.588,2.99,0.578,0.6,TGO,49.7187195492775,50.2812804507225,9260864,54.936,45.064,,,,,,,,,,,,3155.32,,10.0,11.8,10.9,55.6,58.5,57.0,12.8,114.0,,,,
172,Bangladesh,5,0,0,0,0,460131688909.301,2687.89906307087,171186372.0,73.698,5.87,0.498,0.2,BGD,50.5014369934734,49.4985630065266,174701211,58.77,41.23,,,,,,,,,,,,9065.698934,,12.2,10.5,11.4,31.6,29.5,30.5,11.9,112.0,,,,
173,Cambodia,3,0,0,0,0,29504829319.3169,1759.60802346044,16767842.0,69.896,3.05,0.486,0.3333333333,KHM,50.5284797837523,49.4715202162477,17121847,73.965,26.035,,,,,,,,,,,,5624.137515,,16.1,11.7,13.9,54.0,47.0,50.5,4.6,122.0,,,,
174,Madagascar,7,0,0,0,0,15302510500.0528,516.772196977613,29611714.0,65.23,5.26,0.574,0.5714285714,MDG,49.9180850711008,50.0819149288992,31056610,58.769,41.231,,,,,,,,,,,,1875.113672,,15.8,14.1,14.9,70.5,66.6,68.6,39.7,90.0,,,,
175,Italy,402,12,13,15,40,2066972096553.7,35068.8359738449,58940425.0,82.9,7.69,0.057,0.4825870647,ITA,51.1788766532492,48.8211216431078,58561164,27.708,72.292,28.166666666666668,7.5,14.6,14.283333333333333,38.833333333333336,39.86666666666667,22.416666666666668,21.75,13.049999999999999,14.833333333333334,2302393.81,58754.90788,,0.0,0.0,0.0,1.9,2.1,2.0,0.0,149.0,,,0.5,0.69
176,Germany,428,12,13,8,33,4082469490797.68,48717.9911402128,83797985.0,80.7056097560976,8.8,0.071,0.4953271028,DEU,50.6278588189463,49.3721411810537,84378888,22.105,77.895,19.3,21.8,23.906451612903226,20.9125,46.82258064516129,44.375,15.12258064516129,15.2375,2.509677419354839,4.5375,4528476.778,69338.29323,,1.0,2.0,1.5,3.4,4.7,4.0,0.0,144.0,9954000000.0,0.2567574888,0.5,0.56
177,Greece,100,1,1,6,8,217581324512.059,20867.2690861087,10426919.0,80.6365853658537,8.14,0.12,0.42,GRC,51.178125776494,48.821874223506,10319099,19.016,80.984,41.0,2.5,11.6,12.5,33.55,37.0,23.7,25.1,21.9,17.35,237993.6985,41186.8122,,1.8,1.1,1.5,7.0,5.8,6.4,0.0,134.0,,,1.0,0.62
178,France,573,16,26,22,64,2779092236505.85,40886.2532680273,67971311.0,82.2292682926829,8.07,0.084,0.4921465969,FRA,51.7218796078964,48.2781203921036,68288544,17.956,82.044,39.666666666666664,10.666666666666666,24.633333333333336,24.316666666666666,46.949999999999996,48.083333333333336,12.733333333333334,12.466666666666667,6.75,7.2,3056818.677,61156.77282,,2.4,2.1,2.3,8.1,7.7,7.9,0.0,145.0,,,1.0,1.01
179,Switzerland,127,1,2,5,8,818426550206.45,93259.9057183024,8775760.0,83.4536585365854,9.14,0.018,0.4881889764,CHE,50.2899813600761,49.7100186399239,8900261,25.673,74.327,29.0,16.0,36.1,35.75,43.9,43.55,4.0,5.7,3.1500000000000004,3.0,894976.5793,92980.40188,,0.9,1.4,1.1,2.2,2.7,2.5,0.0,132.0,2644334096.0,0.3383654912,1.0,0.89
180,Bulgaria,46,3,1,3,7,90346169914.9349,13974.4492487792,6465097.0,74.3609756097561,6.41,0.206,0.5434782609,BGR,51.5046123698085,48.4954027390927,6378654,22.963,77.037,32.0,4.0,20.85,20.55,32.0,37.65,18.0,19.05,9.0,9.4,102266.2602,38689.54807,,3.3,1.7,2.5,17.8,11.9,14.8,0.0,121.0,,,0.3,0.37
181,Cyprus,16,0,1,0,1,29250532020.0746,32048.248046875,1251488.0,81.889,7.38,0.253,0.5625,CYP,49.9107978370742,50.0892021629258,1268467,32.918,67.082,17.0,2.0,15.1,16.6,34.5,35.9,16.7,17.5,15.2,15.8,32237.03959,57100.46484,,,,,,,,0.0,120.0,,,0.6,0.68
182,Slovakia,28,0,0,1,1,115584743573.553,21279.4589247729,5431752.0,77.0658536585366,7.07,0.184,0.5,SVK,51.1268611805503,48.8731388194497,5347487,45.828,54.172,24.0,5.0,11.399999999999999,14.45,39.599999999999994,42.3,26.950000000000003,22.85,10.95,10.55,132861.528,44650.20283,,2.2,1.7,2.0,10.3,7.7,9.0,3.6,116.0,,,0.6,0.4
183,Austria,78,2,0,3,5,470941926750.741,52084.6811953372,9041851.0,81.0926829268293,8.28,0.048,0.4615384615,AUT,50.7265399366101,49.2734600633899,9144349,40.181,59.819,38.0,27.5,22.45,22.95,43.05,43.2,13.2,13.7,4.45,6.7,512551.2394,73751.35271,,1.5,2.0,1.8,4.4,5.4,4.9,0.0,151.0,1360050000.0,0.3042989144,0.6,0.73
184,Netherlands,273,15,7,12,34,1009398719033.08,57025.01245598,17700982.0,81.7146341463415,9.0,0.025,0.5970695971,NLD,50.2613614017217,49.7386385982783,17924550,6.547,93.453,22.0,71.0,32.333333333333336,31.46666666666667,43.56666666666666,44.5,7.3,8.200000000000001,3.1999999999999997,3.6333333333333333,1154653.211,78215.0663,,,,,,,,,,4933000000.0,0.5146320115,1.2,0.99
185,Luxembourg,14,0,0,0,0,81641807865.7591,125006.021815486,653103.0,83.0463414634146,8.81,0.043,0.4285714286,LUX,49.6676209276384,50.3323790723616,675135,7.73399999999999,92.266,41.0,8.0,32.5,35.4,46.5,43.3,8.9,8.1,3.1,2.8,86146.02621,143341.4731,,0.0,0.7,0.6,2.6,2.6,2.6,0.0,133.0,397037000.0,0.5121141766,1.2,0.79
186,Hungary,170,6,7,6,19,177006128624.627,18355.8278072065,9643048.0,76.0170731707317,6.72,0.23,0.5058823529,HUN,51.9213970434997,48.0786029565003,9449423,26.821,73.179,34.5,8.0,12.55,20.0,42.5,38.85,16.5,14.2,6.4,8.3,212397.3901,45942.16949,,4.0,3.2,3.6,16.9,13.1,15.0,0.0,132.0,,,1.7,0.55
187,Iceland,5,0,0,0,0,28701830401.6837,75135.0916136358,382003.0,82.1707317073171,9.45,0.039,0.6,ISL,48.7440725040973,51.2559274959027,395990,5.90600000000001,94.094,16.0,10.0,45.6,39.9,35.7,39.7,4.4,7.3,4.7,4.4,31341.81332,77567.19181,,2.4,1.5,1.9,8.4,5.6,7.0,0.0,144.0,60469708955.0,1.605497347,3.3,2.57
188,Belgium,165,3,1,6,10,583613982019.263,49942.0906424887,11685814.0,81.6975609756098,7.64,0.044,0.5151515152,BEL,50.5412275791595,49.4587809563414,11851030,1.776,98.224,37.0,16.666666666666668,22.666666666666668,24.96666666666667,49.03333333333334,45.73333333333333,9.933333333333334,12.700000000000001,6.033333333333334,6.0,632358.8013,70455.95843,,2.0,2.0,2.0,7.9,6.8,7.3,0.0,153.0,,,0.7,0.65
189,Latvia,29,0,0,0,0,40422521943.4418,21508.4003332167,1879383.0,74.580487804878,7.38,0.142,0.4482758621,LVA,53.5229582817748,46.4770417182252,1861411,31.185,68.815,77.28888888888889,8.685714285714285,15.2,10.4,37.8,44.8,19.0,19.3,6.6,6.9,42273.36977,42501.02788,,1.8,1.3,1.5,11.4,9.1,10.2,0.0,136.0,,,0.7,0.55
190,Portugal,73,1,2,1,4,255196659934.378,24515.2657495716,10409704.0,81.5804878048781,7.75,0.076,0.5068493151,PRT,52.7838382510467,47.2161519674228,10497224,31.577,68.423,28.5,1.5,13.700000000000001,15.0,50.95,54.8,18.3,17.0,5.1,5.699999999999999,289181.9621,48758.85702,,3.4,3.2,3.3,14.4,10.2,12.3,0.0,143.0,,,0.7,0.9
191,Romania,106,3,4,2,9,298891515898.026,15692.3071700143,19047009.0,75.3048780487805,6.45,0.23,0.5188679245,ROU,51.6211329060876,48.3788670939125,18837662,45.12,54.88,38.666666666666664,3.6666666666666665,20.433333333333334,21.233333333333334,38.733333333333334,36.9,14.5,17.366666666666667,9.066666666666668,10.066666666666668,350742.8329,47903.34115,,7.2,6.9,7.1,20.9,17.3,19.1,0.0,146.0,,,0.7,0.28
192,Denmark,124,2,2,5,9,400167196948.707,67790.0539923276,5903037.0,81.3048780487805,9.28,0.009,0.5403225806,DNK,50.2405763258888,49.7594405099925,5972149,11.374,88.626,16.0,48.5,34.900000000000006,32.65,32.400000000000006,36.05,8.9,10.6,5.1,6.15,407069.749,76687.90284,,1.6,2.1,1.9,7.3,6.8,7.1,0.0,141.0,8817000000.0,0.3106306595,0.7,1.25
193,Ireland,134,4,0,3,7,533140011838.276,103983.29133582,5127170.0,83.0560975609756,9.19,0.072,0.4776119403,IRL,50.4240906434805,49.5759093565195,5294808,35.24,64.76,35.0,17.0,32.1,31.6,42.4,41.9,13.9,14.5,5.4,4.8,552101.5811,127623.3944,,1.2,2.1,1.6,3.9,4.6,4.2,0.0,155.0,,,0.4,0.99
194,Croatia,73,2,2,3,7,71997070660.4835,18673.1779905036,3855641.0,77.5756097560976,6.5,0.087,0.2054794521,HRV,51.2337622757283,48.7662377242717,3831518,41.055,58.945,26.0,13.0,16.8,14.6,40.2,40.9,24.4,26.5,10.0,11.5,84300.3818,45909.63448,,1.3,1.5,1.4,8.8,7.1,7.9,0.0,132.0,,,0.8,0.52
195,Slovenia,90,2,1,0,3,60063475466.3446,28439.3340989687,2111986.0,81.2829268292683,7.75,0.049,0.4888888889,SVN,49.690202528121,50.309797471879,2119415,43.562,56.438,20.0,26.0,32.1,29.4,42.7,49.0,10.5,11.0,4.6,4.0,69384.30075,54947.47014,,1.5,0.0,0.9,10.9,4.9,7.9,0.0,125.0,,,0.8,0.71
196,Malta,5,0,0,0,0,18357069272.7682,34563.3966270232,531113.0,82.7,7.93,0.117,0.4,MLT,47.836755225994,52.163244774006,554617,4.994,95.006,13.0,1.0,16.9,17.0,27.4,28.1,20.4,21.5,15.0,14.1,22310.98319,62445.68149,,2.3,1.6,2.0,9.8,6.6,8.2,0.0,129.0,,,0.9,0.55
197,Finland,56,0,0,0,0,281887430795.721,50734.7107480889,5556106.0,81.1878048780488,9.3,0.032,0.5892857143,FIN,50.5655611664816,49.4344388335184,5586664,14.128,85.872,42.0,19.0,28.2,27.05,55.3,54.900000000000006,8.1,8.5,3.0,2.9000000000000004,295606.0687,65060.67416,,2.9,3.2,3.0,14.0,11.2,12.6,0.0,130.0,,,0.9,1.14
198,Spain,383,5,4,9,18,1417800466262.65,29674.5442864413,47778340.0,83.0829268292683,8.07,0.059,0.5039164491,ESP,50.9792299780342,49.0207700219658,48318580,18.198,81.802,31.5,3.75,19.3,19.675,43.849999999999994,46.675,16.525,16.175,11.7,10.3,1620411.367,52779.23406,,1.9,1.2,1.5,8.4,5.3,6.9,0.0,136.0,5998000000.0,0.4454918645,0.9,1.16
199,Norway,107,4,1,3,8,593726965415.619,108798.451165901,5457127.0,82.5609756097561,9.81,0.012,0.476635514,NOR,49.5194739229124,50.4805079430017,5558215,15.682,84.318,18.0,14.0,21.6,22.8,43.6,42.9,17.6,15.4,5.0,7.0,486228.5941,104459.8119,,1.0,1.8,1.4,7.1,6.5,6.8,0.0,134.0,19836000000.0,0.3560796982,0.9,1.12
200,Poland,210,1,4,5,10,689763329458.441,18732.4977273198,36821749.0,77.3048780487805,7.18,0.105,0.5666666667,POL,51.5749448444853,48.4250551555147,35992900,39.67,60.33,19.25,10.25,23.85,21.674999999999997,49.1,50.475,10.125,11.625,3.425,4.625,811883.2153,49463.99117,,0.9,0.8,0.9,6.5,4.4,5.4,0.0,137.0,,,0.9,0.44
201,Lithuania,51,0,2,2,4,71013953448.2085,25078.7453655669,2831639.0,75.7926829268293,7.31,0.098,0.4705882353,LTU,52.9916094708924,47.0083905291076,2845566,31.064,68.936,17.0,3.0,13.3,13.5,39.6,39.8,16.8,19.6,9.3,7.3,79822.4719,51877.00652,,1.7,1.0,1.3,7.4,4.8,6.1,0.0,139.0,,,0.9,0.46
202,Estonia,24,0,0,0,0,37921480881.5429,28114.1431760201,1348840.0,77.9439024390244,7.96,0.093,0.3333333333,EST,52.4222522271863,47.5777477728137,1361835,29.981,70.019,26.0,1.0,25.133333333333336,22.3,45.166666666666664,42.2,8.766666666666667,11.9,1.7333333333333334,3.2,41274.34941,48992.14095,,1.1,0.8,1.0,10.2,8.5,9.3,0.0,131.0,,,1.3,0.97
203,Sweden,118,4,4,3,11,590409594949.102,56299.5057328064,10486941.0,83.109756097561,9.39,0.023,0.5169491525,SWE,49.5733566405329,50.4266433594671,10592565,11.024,88.976,30.5,27.5,20.950000000000003,18.65,43.2,43.95,9.65,12.3,6.4,5.55,585201.9303,70206.61164,,1.5,2.1,1.8,5.8,6.2,6.0,0.0,128.0,,,1.3,1.33
